utility_name,state,rto,deviates_on,rule_summary,nem_cap_res_kw,nem_cap_nonres_kw,nem_aggregate_cap,aggregate_cap_status,export_credit_value,ic_application_fee,ic_study_trigger_kw,external_disconnect,non_export_option,grid_charging_allowed,standby_charge,standby_threshold_kw,storage_specific_notes,source_url,last_verified,confidence
Upper Peninsula Power Company (UPPCO),MI,MISO,nem_aggregate_cap;aggregate_cap_status;export_credit_basis;credit_rollover,"UPPCO Rate Book #8, Distributed Generation Rider (DG), Sheets D-72.80 to D-72.85, eff. 03-13-25 (MPSC Case U-21791). Legacy Net Metering (tariffs PG-NM, PG-2, PG-3) closed to new customers; legacy participants may continue for 10 years from original participation date (MCL 460.1183; MCL 460.6a(14)), then must transition to DG Rider. Combined Net Metering + DG Program size capped at discretionary 10.0% of UPPCO's average peak demand over past 5 years; at least 50% reserved for Category 1 (<=20kW) and not more than 50% for Category 2 (>20-550kW). Outflow credit (unlike DTE's LMP-based rate) carries forward indefinitely as a bill credit rather than cashing out monthly - 'Any excess credit not used will be carried forward to subsequent billing periods' - a deviation from the state-row's monthly-netting default.",20550,10% of average 5-yr peak demand (Category 1 >=5%; Category 2 <=5%),As of 2023 MPSC RE-DG report: Category 1 (<=20kW) 68% subscribed (2340 of 7290 kW allocated); Category 2 (>20-550kW) 99.2% subscribed (61 of ~61.6 kW allocated) - Category 2 nearly full.,Not published in rider text (credit value set by outflow metering, rate not stated in Rider D2 sheets reviewed),Not specified in sheets reviewed,150,Not specified in sheets reviewed,Not specified in sheets reviewed,Not specified in sheets reviewed,Not specified in sheets reviewed,Not specified in sheets reviewed,"Rider does not address battery storage explicitly in the sheets obtained (D-72.80 to D-72.82, D-72.85); sheets D-72.83/84 (Generator Interconnection Requirements, Metering Requirements) were not retrieved in full text - see gaps file. Termination for non-compliance requires 60 days' notice.",https://www.uppco.com/wp-content/uploads/2025/05/D.-Distributed-Generation-Rider_-DG-_-Apr-29-2025.pdf,2026-08-09,High
Lansing Board of Water & Light,MI,Not applicable (municipal, not RTO-member for retail; MISO balancing authority territory),all,"Municipal utility, not subject to MPSC MIXDG rules or PA 341/342 DG program - sets own Distributed Generation policy. Ended full 1:1 net metering 11/1/2022. Exported energy credited around 6-10 cents/kWh (varies); energy drawn from grid billed at full retail rate. Additional REC transfer incentive of ~1.3 cents/kWh for 5 years if customer sells RECs to BWL. Also offers up to $500/kW (capped $2000) residential solar installation rebate.",,,,,~6-10 cents/kWh export credit (varies by published rate schedule; exact current rate not confirmed from primary tariff document),,,,,,,,https://www.lbwl.com/installsolar,2026-08-09,Low
DTE Electric Co,MI,MISO,export_credit_basis;export_credit_value;standby_charge;nem_aggregate_cap;aggregate_cap_status,"Standard Contract Rider No. 18, Distributed Generation Program (M.P.S.C. No. 1 - Electric, Sheets D-111 to D-116, Case No. U-20162, orig. eff. May 2019; cap and sizing figures below reflect the 2019 baseline tariff and have not been independently re-verified against post-PA235 (2023) revised sheets - see gaps file). Full-service customers on non-time-based schedules credited for Outflow at the monthly average real-time LMP at the DTE Electric load node; credit offsets only power supply/PSCR charges, not delivery charges. Program also imposes a System Access Contribution (SAC) charge of $2.31/kW-AC/month (residential) or $2.28/kW-AC/month (secondary commercial, no demand charge) on DG Rider participants attached to secondary rate schedules - functions as a de facto standby/grid-access charge not present in the base state rule.",150,550,"1.0% of average in-state peak load (2019 baseline, pre-PA235); statewide DG cap raised to 10% by PA235 (2023) - DTE's current per-category cap not independently confirmed post-PA235",As of 2023 MPSC RE-DG report: DTE Electric 86% subscribed in <=20kW category (60130 of 435704 kW) and 97.4% subscribed in >20-550kW category (11165 of ~11467 kW) - >20kW category nearly full statewide-wide reporting predates full PA235 10% reallocation in some filings.,monthly average real-time LMP at DTE Electric load node (power-supply/PSCR component only; separate from state-row generic description),$50 (waived if transitioning from legacy Net Metering),,,,,"SAC charge: $2.31/kW-AC/month residential, $2.28/kW-AC/month secondary commercial (no demand charge), for DG Rider participants on secondary schedules",2340,3879 DG customers with battery storage totaling 14036 kW reported through 2023 (MPSC RE-DG report) - one of the largest storage-attached DG populations of any MI utility; storage integration with legacy NEM addressed at state level per R 460.920(5)(m) (utility-specific procedure required but does not by itself forfeit 10-yr grandfathering),https://www.michigan.gov/-/media/Project/Websites/mpsc/workgroups/dgpi/DTE_Proposed_Rider_18_DG_Tariff.pdf,2026-08-09,Medium
Consumers Energy Co,MI,MISO,nem_aggregate_cap;aggregate_cap_status,"Consumers Energy Distributed Generation program tariff follows MIXDG/PA235 statewide rules (10% aggregate cap, 550kW/110% sizing); DG program enrollment began 1/1/2021 (MPSC Case U-21124). Specific outflow credit rate (¢/kWh or LMP methodology) not independently confirmed from primary tariff sheet in this pass - see gaps file.",,550,10% of average 5-yr peak load per PA235 (state default),As of 2023 MPSC RE-DG report: Consumers Energy 81% subscribed in <=20kW category (70994 of 375680 kW) and 92.2% subscribed in >20-550kW category (29194 of ~31660 kW); reported by outside sources as at or very near the 10% cap by 2025-2026 (specific current % not independently confirmed).,,,,,,,,,"1394 DG customers with battery storage totaling 14036 kW reported through 2023 (MPSC RE-DG report), the largest residential-count storage-attached DG population in Michigan.",https://www.michigan.gov/mpsc/-/media/Project/Websites/mpsc/regulatory/reports/RE-DG/2024-RE-DG-Report.pdf,2026-08-09,Medium
Cloverland Electric Cooperative,MI,MISO,all,"Cooperative, not subject to MPSC net-metering/DG-rate rules (co-ops exempt from PA 341/342 rate provisions) but voluntarily follows the MIXDG interconnection Levels 1-5 (R 460.901-460.992) for the technical interconnection process. Cloverland's DER Standard Operating Procedures (CEC-SOP-23-03) credit Level 1/2 (<=150 kWAC) excess generation at the FULL RETAIL RATE (not an unbundled/avoided-cost/LMP rate) - a materially more favorable compensation basis than the DTE/Consumers unbundled-generation approach. Credit excludes fixed facility/demand charges. Net Excess Generation (NEG) credits carry forward indefinitely and do not expire (true indefinite rollover, unlike DTE's monthly-netting approach). Level 3-5 (>150kW) generation is separately negotiated or sold on the open market.",,150,,,full retail rate (excluding monthly facility charge),,,,,,,,"DER program does not separately break out storage-specific provisions in the SOP summary reviewed; disconnect switch required within 10 feet of meter, lockable, visible-break, accessible to Cloverland employees.",https://www.cloverland.com/energy-solutions/der/,2026-08-09,Medium
Great Lakes Energy Cooperative,MI,MISO,all,"Cooperative, not subject to MPSC net-metering/DG-rate rules; voluntarily reports DG program data to MPSC (3575 <=20kW-category and 525 >20kW-category installations as of 2023 MPSC RE-DG report, the largest cooperative DG population in Michigan). Specific outflow credit rate/compensation basis, cap, and storage provisions not independently confirmed from a primary tariff document in this research pass - see gaps file.",,,,3575 kW allocated in <=20kW category and 525 kW in >20-550kW category as of 2023 (MPSC RE-DG report); % of self-set cap not published in source reviewed.,,,,,,,,,,https://www.michigan.gov/mpsc/-/media/Project/Websites/mpsc/regulatory/reports/RE-DG/2024-RE-DG-Report.pdf,2026-08-09,Low
Traverse City Light & Power,MI,MISO,all,"Municipal utility, not subject to MPSC MIXDG rate rules. TCLP Net Metering Program (first-come-first-served, systemwide cap historically 760 kW) is transitioning to a 'net billing' system (board approved late 2024, effective ~March 2025) replacing 1:1 net metering for residential and commercial DER customers - exact new outflow credit rate not confirmed from a primary rate-tariff document in this pass. See gaps file.",,,760 kW systemwide cap (legacy Net Metering Program figure; status under new net billing program not confirmed),,,,,,,,,,,https://www.tclp.org/distribution-policies/,2026-08-09,Low
Indiana Michigan Power - Michigan,MI,PJM,export_credit_basis;credit_rollover;nem_aggregate_cap,"Follows MPSC statewide MIXDG/DG program rules (I&M enrolled in DG program 2/1/2020, MPSC Case U-20359). As of 2023 MPSC RE-DG report: 86% subscribed in <=20kW category (4498 of 32440 kW) and 96.3% subscribed in >20-550kW category (1201 of ~1247 kW, i.e. category nearly full). 102 DG customers reported with battery storage totaling 642 kW through 2023.",,550,10% of average 5-yr peak load (state default),<=20kW category 86% subscribed (4498/32440 kW); >20-550kW category 96.3% subscribed (1201 kW) as of 2023 MPSC RE-DG report - near-full in the larger-system category,,,,,,,,,102 customers with 642 kW combined battery storage reported through 2023 (MPSC RE-DG report) - notable storage-attachment rate relative to program size,https://www.michigan.gov/mpsc/-/media/Project/Websites/mpsc/regulatory/reports/RE-DG/2024-RE-DG-Report.pdf,2026-08-09,Medium
Upper Michigan Energy Resources (UMERC),MI,MISO,aggregate_cap_status,"Follows MPSC statewide MIXDG/DG program rules; UMERC enrolled in DG program 1/1/2025 (MPSC Case U-21541), the most recent utility to establish its first DG program rate under the post-PA235 framework. As of 2023 report (pre-dating UMERC's own DG rate order): 96% subscribed in <=20kW category (580 of 14610 kW) and 99% subscribed in >20-550kW category (142 of ~143.5 kW) - both categories effectively full.",,550,10% of average 5-yr peak load (state default),"<=20kW category 96% subscribed; >20-550kW category 99% subscribed as of 2023 MPSC RE-DG report - both categories effectively at capacity, making new UMERC interconnections likely queue-limited",,,,,,,,,,https://www.michigan.gov/mpsc/-/media/Project/Websites/mpsc/regulatory/reports/RE-DG/2024-RE-DG-Report.pdf,2026-08-09,Medium
Holland Board of Public Works,MI,MISO,all,"Municipal utility, not subject to MPSC MIXDG rate rules; sets own Distributed Generation program. Customer billed on total inflow at applicable rate, minus outflow credits for exported energy. All outflow credited at HBPW's own 'Distributed Energy Value' (rate not published in source reviewed), which can offset energy, delivery, capacity, and readiness-to-serve charges (broader offset than DTE/Consumers, which restrict credit to power-supply-only). No rollover: 'No generated outflow credits are granted toward future billings' - excess outflow in a given period is NOT banked, a meaningful deviation from state-row treatment. Legacy Net Metering customers (enrolled, or application received before 7/1/2019) grandfathered at prior net-metering rates for 10 years from initial application date.",,,,,Distributed Energy Value (specific ¢/kWh rate not published in source reviewed),,,,,,,,,https://hollandbpw.com/en/distributed-generation,2026-08-09,Medium
AES Indiana (formerly IPL),IN,MISO,export_credit_value;credit_rollover;nem_cap_res_kw;nem_cap_nonres_kw,"Standard Contract Rider No. 16, Excess Distributed Generation (EDG), IURC Cause No. 45911, Original No. 172, eff. 5/9/2024. Rate updated annually by compliance filing due March 1. Enrollment began 7/1/2022 (post-SEA 309 net metering closure). Nameplate cap: lesser of 1 MW or customer's average annual consumption. Excludes Rider 9 (legacy net metering) facilities. Net inflow billed at standard rate; net outflow (EDG) credited and carried forward indefinitely as an account credit (not cash-out monthly) until account closure, at which point unused credit flows through the fuel adjustment clause (FAC) to all customers.",,1000,,,3.9350 cents/kWh (effective 7/1/2024; average marginal price of energy paid by AES Indiana in prior calendar year x 1.25 per IC 8-1-40-17; updated annually),,,,,,,,"Storage-specific treatment not addressed separately in Rider 16 text reviewed; battery-inclusive systems' EDG eligibility follows the 'nameplate capacity' definition (full load continuous rating, or lower of inverter/aggregate inverter rating for inverter-based systems) - unclear whether battery power rating is included in this figure for EDG-cap purposes.",https://www.aesindiana.com/sites/aesvault.com/files/2024-08/Rider-16-EDG-45504-Effective-07-01-24.pdf,2026-08-09,High
Northern Indiana Public Service Co (NIPSCO),IN,MISO,nem_status;export_credit_basis;export_credit_value;nem_cap_res_kw;nem_aggregate_cap;aggregate_cap_status,"NIPSCO offers TWO closed/legacy programs distinct from the standard EDG structure used by the other IOUs: (1) legacy Feed-in Tariff (closed to new applicants) for solar/wind/biomass/small-hydro, sized 5kW-5MW, with a total programwide capacity of 30 MW (no single technology >15 MW; 700 kW carve-out for solar <10kW, 300kW for wind <10kW) - this program is fully subscribed/closed. (2) A Distributed Generation Tariff Program, functionally similar to the standard IN EDG rate, crediting excess generation at 125% of the market price for power. New customers today enroll under the standard EDG rate/state default, not the closed Feed-in Tariff.",5,5000,30000,Feed-in Tariff program (30 MW total) reported as closed to new applicants - fully subscribed,,,,,,,,,NIPSCO's legacy Feed-in Tariff and the current EDG program have not been confirmed to address storage-specific rules in sources reviewed,https://www.nipsco.com/services/renewable-energy-programs/feed-in-tariff,2026-08-09,Medium
Duke Energy Indiana,IN,MISO,export_credit_value,"Excess Distributed Generation (EDG) Tariff per state default (125% of prior-calendar-year average marginal/wholesale price). Rate reported at $0.042917/kWh (4.2917 cents/kWh) effective March 1, 2024; updated annually per IC 8-1-40-17 compliance filing.",,,,,4.2917 cents/kWh (effective 3/1/2024; updated annually - current 2026 rate not independently confirmed),,,,,,,,,https://www.in.gov/oucc/electric/key-cases-by-utility/duke-energy-rates/duke-energy-distributed-generation-tariff/,2026-08-09,Medium
Indiana Michigan Power (AEP),IN,PJM,export_credit_value,"Excess Distributed Generation (EDG) Tariff per state default; IURC Cause No. 45506, enrollment began 7/1/2022. Rate reported at approximately $0.090476/kWh (9.0476 cents/kWh) in a recent compliance filing - notably higher than other IN IOUs' EDG rates (AES Indiana ~3.94 cents/kWh, Duke Indiana ~4.29 cents/kWh), reflecting I&M's higher average wholesale power cost (PJM vs MISO pricing zone). Rate updated annually per IC 8-1-40-17.",,,,,9.0476 cents/kWh (per compliance filing referenced; effective date and current 2026 figure not independently confirmed - see gaps file),,,,,,,,,https://www.in.gov/oucc/featured-topics/indiana-michigan-power-i-and-m-rates/i-and-m-distributed-generation-tariff/,2026-08-09,Medium
CenterPoint Energy Indiana South (formerly Vectren),IN,MISO,export_credit_value,"Excess Distributed Generation (EDG) Tariff per state default (125% of prior-calendar-year average marginal/wholesale price per IC 8-1-40-17). Specific current numeric rate not independently confirmed in this research pass - see gaps file. Note: CenterPoint's EDG tariff was the subject of an IURC approval later challenged/reviewed on appeal by solar/consumer advocates (Vote Solar, Citizens Action Coalition et al.) contesting methodology - outcome and current rate impact not independently confirmed.",,,,,,,,,,,,,CenterPoint EDG tariff was the specific subject of the IURC methodology challenge referenced in general SEA 309 secondary sources; final current rate and any court-ordered rate adjustment not confirmed - flagged in gaps file.,https://votesolar.org/advocates-celebrate-indiana-decision/,2026-08-09,Low
Ohio Power Company (AEP Ohio),OH,PJM,export_credit_value,Net metering per state default (OAC 4901:1-10-28); excess credited at the energy-only Generation Energy Rider component. Rate reported at approximately $0.11/kWh (11 cents/kWh) as of 2025; current 2026 figure not independently confirmed - see gaps file. Credit rolls over monthly.,,,,,~11 cents/kWh (2025 figure via Generation Energy Rider; 2026 SSO rate not independently confirmed),,,,,,,,,https://www.ohmsnap.com/net-metering/ohio,2026-08-09,Low
Duke Energy Ohio,OH,PJM,export_credit_value,"Net metering per state default (OAC 4901:1-10-28); excess credited at the energy-only Price to Compare / SSO generation component. Residential Price to Compare (generation-only) reported at 10.7016 cents/kWh effective June 1, 2026 (up from 10.0819 cents/kWh prior period) - illustrates that this state's export credit is explicitly tied to a published, regularly-updated SSO auction rate rather than a fixed tariff value.",,,,,"10.7016 cents/kWh (residential Price to Compare, generation-only, effective 6/1/2026)",,,,,,,,,https://www.duke-energy.com/home/products/ohio-customer-choice/electric/price-to-compare?jur=OH01,2026-08-09,Medium
Ohio Edison Company,OH,PJM,export_credit_value;nem_cap_res_kw,"Net metering per state default (OAC 4901:1-10-28), administered under FirstEnergy's unified Schedule NEM tariff. Residential Rider GEN (generation supply, the credit basis for net metering) reported at 10.83 cents/kWh effective June 1, 2026; General Service Secondary Rider GEN at 9.3786 cents/kWh. FirstEnergy Ohio's avoided-cost/rider rate has ranged 3.8-5.3 cents/kWh over other recent periods per secondary sources - some ambiguity between 'Rider GEN' (SSO generation charge) and a separately-referenced lower 'avoided cost' figure; residential net metering cap reported at 10 kW AC for Ohio Edison (narrower than the 25kW state Level-1 default), which would push many residential systems into Level 2 review.",10,,,,"10.83 cents/kWh (Rider GEN, residential, eff. 6/1/2026); secondary sources also cite a distinct 3.8-5.3 cents/kWh avoided-cost range - reconcile before use",,,,,,,,Cap discrepancy (10kW residential cap vs 25kW state Level-1 threshold) flagged for verification - see gaps file,https://www.energychoicematters.com/stories/20260429aa.html,2026-08-09,Low
The Cleveland Electric Illuminating Company,OH,PJM,export_credit_value;nem_cap_res_kw,"Net metering per state default (OAC 4901:1-10-28), administered under FirstEnergy's unified Schedule NEM tariff. Main supply-rate/Rider GEN component rose to 11.11 cents/kWh (from 9.88 cents/kWh) effective June 1, 2026; General Service Secondary Rider GEN at 9.4503 cents/kWh. Residential net metering cap reported at 10 kW AC (narrower than the 25kW state Level-1 default).",10,,,,"11.11 cents/kWh (residential Rider GEN/supply rate, eff. 6/1/2026)",,,,,,,,Cap discrepancy (10kW residential cap vs 25kW state Level-1 threshold) flagged for verification - see gaps file,https://www.energychoicematters.com/stories/20260429aa.html,2026-08-09,Low
Toledo Edison Company,OH,PJM,export_credit_value,"Net metering per state default (OAC 4901:1-10-28), administered under FirstEnergy's unified Schedule NEM tariff. Residential Rider GEN reported at 11.00 cents/kWh effective June 1, 2026; General Service Secondary Rider GEN at 9.4310 cents/kWh. Residential net metering cap reported at 25 kW AC, matching the state Level-1 default (unlike Ohio Edison/CEI's narrower 10kW cap).",25,,,,"11.00 cents/kWh (residential Rider GEN, eff. 6/1/2026)",,,,,,,,,https://www.energychoicematters.com/stories/20260429aa.html,2026-08-09,Low
AES Ohio (Dayton Power and Light Company),OH,PJM,export_credit_value,"Net metering per state default (OAC 4901:1-10-28); excess credited at the energy-only SSO 'Price to Compare' component. Typical residential Price to Compare for energy supply reported at $0.109/kWh (10.9 cents/kWh) for the period 6/1/2026-5/31/2027 (a 7.5% / $14.06 increase for a typical 1000 kWh/month residential customer, per PUCO-approved blended rate). Eligible fuels for net metering: solar, wind, biomass, landfill gas, hydropower, microturbine, or fuel cell (matches state default fuel list).",,,,,"10.9 cents/kWh (residential SSO Price to Compare, energy-only, eff. 6/1/2026-5/31/2027)",,,,,,,,,https://www.aes-ohio.com/net-metering,2026-08-09,Medium
Louisville Gas & Electric,KY,PJM,export_credit_value,"NMS-2 (Net Metering Successor tariff) rate established by PSC Order in Case No. 2020-00174 (5/14/2021 order applying methodology; LG&E-specific rate order 9/24/2021), applicable to eligible facilities placed in service on or after 9/25/2021. Rate based on avoided-cost methodology (avoided energy, ancillary services, generation/transmission/distribution capacity, carbon/environmental compliance, jobs-benefit adder). Legacy net-metering customers (enrolled before the transition) grandfathered at full 1:1 retail rate for 25 years from enrollment.",,,,,"6.924 cents/kWh (NMS-2 export rate, eff. for systems in service on/after 9/25/2021 - has likely been updated since; current 2026 figure not independently confirmed)",,,,,,,,,https://psc.ky.gov/agencies/psc/press/092021/0924_r01.pdf,2026-08-09,Medium
Kentucky Utilities,KY,PJM,export_credit_value,"NMS-2 (Net Metering Successor tariff) rate established by PSC Order in Case No. 2020-00174 (5/14/2021 order applying methodology; KU-specific rate order 9/24/2021), applicable to eligible facilities placed in service on or after 9/25/2021. Same avoided-cost methodology as LG&E (affiliated companies) but a distinct, slightly higher rate. Legacy net-metering customers grandfathered at full 1:1 retail rate for 25 years from enrollment.",,,,,"7.366 cents/kWh (NMS-2 export rate, eff. for systems in service on/after 9/25/2021 - current 2026 figure not independently confirmed)",,,,,,,,,https://psc.ky.gov/agencies/psc/press/092021/0924_r01.pdf,2026-08-09,Medium
Duke Energy Kentucky,KY,PJM,export_credit_value,"Rider NM II approved by PSC in Case No. 2023-00413 (order 10/11/2024), effective 1/1/2025, replacing the prior Rider NM (Net Metering I, 'NMI') for systems not yet in service by 12/31/2024. Systems already in service by 12/31/2024 remain grandfathered on the legacy full-retail NM I rider. NM II Excess Generation Avoided Cost Credit: $0.062924/kWh residential, $0.063255/kWh non-residential.",,,,,"$0.062924/kWh residential; $0.063255/kWh non-residential (Rider NM II, eff. 1/1/2025)",,,,,,,,"Case No. 2025-00258 (later PSC docket, order dated 6/1/2026) suggests a subsequent rate adjustment/review occurred - current 2026 rate not independently confirmed beyond the 1/1/2025 NM II figures above; see gaps file","https://psc.ky.gov/pscecf/2023-00413/debbie.gates@duke-energy.com/06262024040549/Duke_Energy_Kenytucky,_Inc.s_Brief.pdf",2026-08-09,Medium
Kentucky Power (AEP),KY,PJM,export_credit_value,"NMS-2 net metering successor tariff established by PSC Order in Case No. 2020-00349 (order dated 5/14/2021), applicable to residential and commercial net metering customers taking service after 5/15/2021. Specific cents/kWh rate not independently confirmed from a primary source in this research pass - see gaps file.",,,,,Not confirmed - see gaps file,,,,,,,,,https://psc.ky.gov/agencies/psc/press/052021/0514_r01.pdf,2026-08-09,Low
