eia_id,scan_file,hifld_name,hifld_state,customers
9231,scan_D.csv,CITY OF INDEPENDENCE - (MO),MO,58607
4045,scan_D.csv,CITY OF COLUMBIA - (MO),MO,52238
20574,scan_D.csv,WHITE RIVER VALLEY EL COOP INC,MO,46625
27238,scan_D.csv,"SOUTHWEST ELECTRIC COOP, INC",MO,43496
3600,scan_D.csv,CITIZENS ELECTRIC CORPORATION - (MO),MO,27922
14268,scan_D.csv,CITY OF OWENSBORO - (KY),KY,26273
15138,scan_D.csv,"PLATTE-CLAY ELECTRIC COOP, INC",MO,26149
8934,scan_D.csv,"HOWELL-OREGON ELEC COOP, INC",MO,25232
16751,scan_D.csv,THREE RIVERS ELECTRIC COOP,MO,23946
6708,scan_D.csv,CITY OF FRANKFORT - (KY),KY,21171
4524,scan_D.csv,"CRAWFORD ELECTRIC COOP, INC",MO,21099
13520,scan_D.csv,"NEW-MAC ELECTRIC COOP, INC",MO,18932
14192,scan_D.csv,OSAGE VALLEY ELEC COOP ASSN,MO,17656
16805,scan_D.csv,SEMO ELECTRIC COOPERATIVE,MO,16258
20363,scan_D.csv,WEST CENTRAL ELECTRIC COOP INC - (MO),MO,14899
6181,scan_D.csv,"FARMERS ELECTRIC COOP, INC - (MO)",MO,13426
4160,scan_D.csv,CALLAWAY ELECTRIC COOPERATIVE,MO,13320
8449,scan_D.csv,HENDERSON CITY UTILITY COMM,KY,11936
16511,scan_D.csv,SAC-OSAGE ELECTRIC COOP INC,MO,11632
11463,scan_D.csv,MACON ELECTRIC COOP,MO,11551
3268,scan_D.csv,CENTRAL MISSOURI ELEC COOP INC,MO,11255
3634,scan_D.csv,CITY OF NIXA - (MO),MO,11247
10370,scan_D.csv,CITY OF KIRKWOOD - (MO),MO,10254
7024,scan_D.csv,GASCOSAGE ELECTRIC COOP,MO,10091
19160,scan_SPP1.csv,"TRI-COUNTY ELECTRIC COOP, INC (OK)",OK,27583
60482,scan_SPP1.csv,CKENERGY ELECTRIC COOPERATIVE,OK,26755
3226,scan_SPP1.csv,"CENTRAL RURAL ELECTRIC COOPERATIVE, INC",OK,23526
4401,scan_SPP1.csv,"COTTON ELECTRIC COOP, INC",OK,23278
14775,scan_SPP1.csv,PEOPLE'S ELECTRIC COOPERATIVE,OK,22731
17603,scan_SPP1.csv,SOUTHEASTERN ELECTRIC COOP INC - (OK),OK,16594
13807,scan_SPP1.csv,NORTHWESTERN ELECTRIC COOP INC - (OK),OK,11906
18433,scan_SPP1.csv,TAHLEQUAH PUBLIC WORKS AUTHORITY,OK,11217
6779,scan_SPP2.csv,CITY OF FREMONT - (NE),NE,16096
13725,scan_SPP2.csv,CITY OF NORTH PLATTE,NE,13828
8245,scan_SPP2.csv,CITY OF HASTINGS - (NE),NE,13766
6941,scan_SPP2.csv,CITY OF GARDEN CITY,KS,11817
55982,scan_TX1.csv,HEART OF TEXAS ELECTRIC COOP,TX,23816
3470,scan_TX1.csv,CHEROKEE COUNTY ELEC COOP ASSN,TX,22665
16146,scan_TX1.csv,"NAVASOTA VALLEY ELEC COOP, INC",TX,20937
13332,scan_TX1.csv,"NAVARRO COUNTY ELEC COOP, INC",TX,19069
4295,scan_TX1.csv,COMANCHE COUNTY ELEC COOP ASSN,TX,17598
4262,scan_TX1.csv,COOKE COUNTY ELEC COOP ASSN,TX,17457
9590,scan_TX1.csv,"JACKSON ELECTRIC COOP, INC - (TX)",TX,17184
6183,scan_TX1.csv,"FAYETTE ELECTRIC COOP, INC",TX,15710
1591,scan_TX1.csv,"BIG COUNTRY ELECTRIC COOP, INC",TX,13484
6173,scan_TX1.csv,FANNIN COUNTY ELECTRIC COOP,TX,11606
4975,scan_TX2.csv,DEEP EAST TEXAS ELEC COOP INC,TX,44546
2049,scan_TX2.csv,"BOWIE-CASS ELECTRIC COOP, INC",TX,39252
28978,scan_TX2.csv,CITY OF SAN MARCOS - (TX),TX,25492
11364,scan_TX2.csv,"LYNTEGAR ELECTRIC COOP, INC",TX,23569
9668,scan_TX2.csv,"JASPER-NEWTON ELEC COOP, INC",TX,23540
16461,scan_TX2.csv,"RUSK COUNTY ELECTRIC COOP, INC",TX,23180
14424,scan_TX2.csv,"PANOLA-HARRISON ELEC COOP, INC",TX,20564
6427,scan_TX2.csv,CITY OF FLORESVILLE,TX,17361
20230,scan_TX2.csv,WEATHERFORD MUN UTILITY SYSTEM,TX,16255
4939,scan_TX2.csv,"DEAF SMITH ELECTRIC COOP, INC",TX,15189
10625,scan_TX2.csv,"LAMB COUNTY ELECTRIC COOP, INC",TX,11621
